{"name": "NDGovDalrymple", "locs": ["North Dakota", "North Dakota", "USA", "San Francisco", "US", "Bismarck, N.D.", "Haddonfield, NJ", "Fargo, ND", "Wherever videos are sold", "Walhalla ND", "Arizona, USA", "Minneapolis, Minnesota", "Bismarck, ND", "#Fargo #ND", "CALIFORNIA AND OREGON", "San Francisco, CA", "the 'burbs of nyc & philly ", "New Salem, ND", "Jamestown, North Dakota", "1600 Pennsylvania Ave NW, D.C.", "New Milford, CT", "Fargo,ND & farm in MN", "Bristol, RI", "United States", "St. Paul or Washington D.C.", "West Fargo, ND", "Fargo, ND", "Pierre, SD", "Bismarck, ND", "North Dakota", "Alexandria, VA", "Minneapolis, MN", "Washington D.C.", "Republic of Croatia", "Iowa", "Sherwood, ND", "Grand Forks, North Dakota, USA", "Bismarck, North Dakota", "ND, SD, MN", "Fargo, North Dakota", "Minot, ND", "Washington, DC", "Grand Forks, ND", "Fargo, ND", "Upper Midwest", "ND", "Bismarck, ND", "Bismarck, ND", "Washington, D.C.", "Moorhead, MN", "Nevada", "Minneapolis, MN", "North Dakota", "Pittsburgh, PA", "Washington, DC", "Chicago", "Williston, ND", "Indiana", "Mandan", "San Francisco Bay Area", "Plano, TX", "Minneapolis, MN", "Dickinson, North Dakota", "ND, MN, & SD", "Lansford, North Dakota", "North Dakota", "Denver, CO", "Fargo, ND", "Phoenix, Arizona", "North Dakota", "Tallahassee, FL", "Dickinson, North Dakota", "Minot, North Dakota", "Bismarck, N.D.", "North Dakota, USA", "Red River Valley", "Mandan", "West Fargo, ND", "Bismarck, ND", "Fargo, ND", "Washington, D.C.", "Washington, D.C. | N.Y.C. ", "Texas (See: @BuildBetterBiz)", "Fargo, ND", "Bismarck, ND", "Scottsdale, Arizona", "Fargo, ND", "Grand Forks, ND", "Bismarck, ND", "Connecticut", "Minneapolis, MN", "Cavalier, ND", "United States", "Grand Forks, ND", "North Dakota", "North Dakota", "Bible Belt", "Washington, DC", "America", "North Dakota", "Minot, ND", "Dickinson", "Planet Earth", "Bismarck, North Dakota", "Bismarck, ND", "Bismarck, ND", "North Dakota", "Fairfax City, VA", "Bismarck, ND", "Bismarck, ND", "Dickinson, North Dakota", "Fargo, ND", "Worldwide", "Helena, Montana", "Minot, North Dakota", "Denver", "Bismarck, ND", "Bismarck, North Dakota", "Bismarck-Mandan, ND", "Los Angeles, CA", "North Dakota", "Bismarck, ND ", "Washington, DC", "Bakersfield, California", "America", "Bismarck, ND", "Bismarck, ND", "Fargo, North Dakota", "Grand Forks, N.D.", "Arizona, USA", "\u00dcT: 46.891845,-96.808914", "Moorhead, MN", "Fargo ND", "Bismarck, ND", "Bismarck, ND", "North Dakota!", "Fargo, ND", "Capitol City, ND", "Fargo, ND", "Dickinson, ND", "North Dakota", "Washington DC", "Beloit,WI", "nj-ky-md-dc", "Bismarck, ND", "Bismarck, ND", "Bismarck ND", "ND USA", "Bismarck, ND", "Minnesota", "Denver ", "Sioux Falls, SD", "Washington, DC", "Bismarck, ND", "the microwave", "Princeton, NJ", "Follow Your Dreams", "Dickinson, ND - Headquarters", "Groveton, TX", "washington, dc", "Fargo, ND", "Fargo, ND", "Fargo, ND", "Washington, DC Metro area", "God's Country", "Devils Lake North Dakota", "Bismarck, ND", "Bismarck, ND", "Bismarck, NoDak", "North Dakota", "Bismarck, ND", "Toms River New Jersey U.S.A.", "South Dakota", "Moorhead, MN", "CO, WY, Dakotas...& expanding", "Bismarck, North Dakota", "Fargo, ND", "USA", "Devils Lake ", "Dickinson ND", "Jamestown, North Dakota", "Washington, DC", "Rosslyn, Va.", "Fargo, ND", "Washington, DC USA", "North Dakota", "Pierre, SD", "Washington, DC", "West Fargo, ND", "Meddling in your biz, IA", "Trondheim", "Spokane, WA", "colorado", "bismarck, nd", "Bismarck, ND", "North Dakota", "West Fargo, ND", "Bismarck, ND", "Bismarck, ND USA", "Pierre and Mobridge, S.D.", "USA", "Bismarck, North Dakota", "Bismarck, North Dakota", "Bismarck, North Dakota", "Grand Forks, N.D.", "Bismarck, ND, USA", "Fargo", "Philipsburg, MT", "Bismarck, North Dakota", "1101 4th Ave., Fargo", "Fargo", "United States", "Bismarck, ND", "Williston Basin, ND", "Iowa and Online!", "Grain Valley, MO", "Westerville, Ohio", "new salem north dakota", "OVERdue north from my south.", "Mandan, ND", "North Dakota", "Arlington, Virginia", "Washington, DC", "Washington, DC", "Bismarck", "Fargo, ND", "Cedar Rapids, IA", "Washington, D.C.", "Washington, DC - Metro Area", "South Dakota", "Sturgis, SD", "LaSalle County, Illinois", "Pierre, South Dakota", "South Dakota", "Bismarck, North Dakota", "Duluth, MN", "North Dakota", "NORTH DAKOTA", "Fargo, ND", "Arlington, VA", "North Dakota State University ", "North Dakota", "Bismarck, ND", "Grand Forks", "Bismarck, North Dakota", "North Dakota", "North Dakota", "North Dakota", "West Fargo, North Dakota", "Stockholm, Sweden", "North Dakota", "ND Department of Commerce", "Beulah, ND", "I am somewhere out there", "Williston, ND", "Bismarck, ND", "North Dakota", "North Dakota", "North Dakota", "@rollerj", "Minot, ND", "Grand Forks, North Dakota", "Washington, D.C.", "Iowa", "Grand Forks, N.D.", "Mandan, ND", "Bismarck, ND", "Fargo, ND"]}